CountryCode,Country,1990,1991,1992,1993,1994,1995,1996,1997,1998,1999,2000,2001,2002,2003,2004,2005,2006,2007,2008,2009,2010
4,Afghanistan,0.2054,0.1773,0.0922,0.0806,0.0711,0.0641,0.058,0.0523,0.0485,0.0374,0.0342,0.0272,0.0146,0.0227,0.0275,0.0368,0.0471,0.0683,0.1316,0.2134,0.2622
8,Albania,2.2763,1.2064,0.7306,0.7265,0.6067,0.6644,0.648,0.4994,0.5693,0.9715,0.9838,1.0473,1.214,1.3822,1.3332,1.354,1.2244,1.2796,1.2979,1.2153,1.3366
12,Algeria,3.1185,3.1414,3.0975,3.0355,3.1116,3.347,3.3546,3.0159,3.6086,3.0605,2.8798,2.7207,2.8896,2.8995,2.7625,3.2573,3.1134,3.3132,3.3292,3.5647,3.4813
20,Andorra, , , , , ,6.2907,6.5157,7.0565,7.5335,8.0175,8.1072,7.8928,7.7053,7.4097,7.5041,7.3952,6.8358,6.6224,6.5272,6.1785,6.0921
24,Angola,0.4286,0.4099,0.4016,0.5101,0.3313,0.9097,0.8425,0.5771,0.5562,0.6776,0.6852,0.6764,0.8506,0.5879,1.1777,1.1617,1.309,1.4352,1.4745,1.5002,1.5941
660,Anguilla, , , , , , , ,1.7571,2.4854,2.4238,2.9816,3.218,3.0826,3.1878,3.3631,3.7572,3.6408,4.0992,4.0035,3.919,4.2974
28,Antigua and Barbuda,4.8391,4.669,4.5923,4.7212,4.664,4.7056,4.5848,4.6597,4.502,4.5799,4.4427,4.358,4.5089,4.7604,4.9132,4.8978,5.0028,5.1667,5.2716,5.6832,5.7829
32,Argentina,3.4499,3.5361,3.621,3.4903,3.5837,3.5159,3.6619,3.7709,3.81,3.9815,3.82,3.5556,3.2734,3.5032,4.0732,4.161,4.4649,4.5828,4.7856,4.484,4.4668
51,Armenia, , ,1.1745,0.8595,0.9017,1.0831,0.8218,1.0457,1.0958,0.9894,1.1264,1.1553,0.9944,1.1204,1.1902,1.4221,1.4274,1.6486,1.8044,1.411,1.3651
533,Aruba,29.6233,29.8413,25.2321,24.403,22.9801,22.1854,21.8012,21.747,19.2106,19.0294,24.7366,24.2197,23.8382,23.2774,22.8076,22.5157,22.1398,22.6241,21.6819,21.536,21.5931
36,Australia,16.8068,16.254,16.7978,17.0424,16.9602,16.968,17.9731,18.0092,18.517,17.1799,17.1989,16.7607,17.3945,17.4634,17.3478,17.7756,17.8948,17.8615,18.018,18.0389,16.7538
40,Austria,7.9168,8.4983,7.7835,7.6894,7.7402,7.7788,7.9173,8.0161,8.2203,7.99,7.9573,8.1752,8.3111,8.8904,8.7796,9.018,8.6502,8.3204,8.184,7.439,7.97
31,Azerbaijan, , ,7.7468,6.528,5.5638,4.3118,4.0169,3.7668,3.9716,3.5547,3.6381,3.5123,3.5766,3.6549,3.7843,3.9984,4.5011,4.6963,5.11,4.7018,4.9774
44,Bahamas,7.6173,6.8316,6.7467,6.2837,6.1251,6.0156,5.8799,4.749,5.7783,5.7009,5.6039,5.2022,5.1569,4.8936,5.4744,5.0069,4.6966,4.7041,3.1319,4.8558,7.1863
48,Bahrain,24.1128,22.7025,20.3773,28.4412,27.9739,28.6566,27.171,29.2064,30.1111,28.7508,29.2122,21.6759,24.449,25.4464,26.0659,26.5008,24.0285,24.1949,23.0919,20.6647,19.18
50,Bangladesh,0.1476,0.1479,0.161,0.1545,0.1649,0.1942,0.2004,0.2048,0.1927,0.1984,0.2151,0.246,0.251,0.2482,0.2867,0.2671,0.3382,0.3367,0.3192,0.3559,0.3776
52,Barbados,4.1387,4.6322,3.749,4.2576,2.848,3.1471,3.2206,3.4026,4.2867,4.5359,4.4409,4.5527,4.5682,4.7107,4.7935,5.0018,5.0579,5.25,6.0071,5.9542,5.4988
112,Belarus, , ,8.4951,7.2273,6.4037,6.0461,5.8722,5.8327,5.6705,5.5225,5.3162,5.2544,5.2583,5.4167,5.879,6.0115,6.324,6.1966,6.4888,6.257,6.4846
56,Belgium,10.9026,11.7858,11.4323,10.8577,11.2659,11.2082,11.8462,11.4991,11.7671,11.415,11.3711,11.2392,10.4867,11.1458,10.7446,10.4209,10.199,9.7938,9.7982,9.7734,10.1705
84,Belize,1.64,1.8326,1.7638,1.8176,1.7464,1.7158,1.3604,1.6735,1.5516,2.4584,2.7504,2.771,1.3667,1.3916,1.3862,1.4095,1.4179,1.4499,1.3601,1.3556,1.3542
204,Benin,0.1498,0.168,0.1774,0.2142,0.2311,0.2348,0.2173,0.2032,0.1972,0.2468,0.2481,0.2586,0.2961,0.3239,0.3396,0.3141,0.4924,0.5546,0.5376,0.5529,0.5863
60,Bermuda,10.0008,8.4788,6.7292,7.8949,7.7409,7.589,7.7308,7.6948,7.4187,7.913,7.8779,7.8432,8.2665,8.0119,10.5,6.9234,8.0991,8.0153,6.0164,7.1911,7.3451
64,Bhutan,0.2292,0.3365,0.3953,0.3503,0.4069,0.4802,0.584,0.7497,0.7123,0.6932,0.7002,0.6615,0.6897,0.6054,0.4795,0.6006,0.581,0.5693,0.6017,0.5451,0.6571
68,Bolivia,0.8266,0.8481,0.9532,1.1261,1.2194,1.2614,1.1437,1.2611,1.2954,1.267,1.2307,1.1589,1.1064,1.6027,1.4565,1.3475,1.6021,1.348,1.4319,1.4742,1.5565
70,Bosnia and Herzegovina, , ,1.0521,0.8017,0.9333,1.0291,1.8305,4.3398,5.4053,5.0227,6.2872,5.5224,6.0698,6.1432,6.5101,6.7755,7.1845,7.3786,8.2129,8.119,8.2776
72,Botswana,1.5756,1.5096,2.2506,2.33,2.2691,2.2225,1.9332,1.9343,2.26,2.0519,2.4324,2.4288,2.4805,2.3304,2.3636,2.4594,2.4441,2.4389,2.5475,2.2189,2.6074
76,Brazil,1.3958,1.4416,1.4278,1.4698,1.5192,1.5962,1.7329,1.8011,1.8434,1.8622,1.8804,1.9077,1.8532,1.7707,1.8373,1.8674,1.8497,1.9137,2.024,1.8999,2.1532
92,British Virgin Islands,2.9107,2.8285,2.9359,2.8775,2.8224,2.7657,3.131,3.0618,2.9946,2.9328,2.8782,2.8306,3.1197,3.5904,3.8672,4.0018,4.4488,4.5755,4.6569,4.7812,5.0333
96,Brunei Darussalam,25.4675,22.4247,21.7734,20.3702,19.1809,19.0426,18.8298,19.0729,19.1694,14.3843,19.958,18.5346,15.5774,15.3596,15.0614,14.1164,13.0213,26.9554,27.5101,23.2086,22.962
100,Bulgaria,8.5911,6.6541,6.2949,7.9619,6.4314,6.9412,6.8367,6.2963,6.0266,5.4521,5.4372,5.8449,5.6553,6.0341,6.0067,6.1905,6.3649,6.9123,6.6908,5.675,5.9617
854,Burkina Faso,0.063,0.0654,0.0641,0.062,0.062,0.0586,0.0644,0.0714,0.0742,0.0779,0.0847,0.0788,0.0772,0.0805,0.0801,0.0793,0.093,0.1093,0.1094,0.1042,0.1022
108,Burundi,0.0543,0.0603,0.0547,0.0568,0.0567,0.0549,0.0537,0.051,0.0484,0.0466,0.0472,0.0332,0.0331,0.0241,0.0281,0.0212,0.025,0.0248,0.0313,0.022,0.0367
116,Cambodia,0.0473,0.0468,0.0467,0.0453,0.0496,0.1389,0.1411,0.1313,0.1628,0.1551,0.1588,0.178,0.1719,0.1827,0.1854,0.2078,0.222,0.2549,0.2876,0.2899,0.2957
120,Cameroon,0.1427,0.0887,0.2946,0.2945,0.2809,0.313,0.3221,0.2198,0.2143,0.201,0.2189,0.2133,0.2083,0.2261,0.2305,0.2106,0.2133,0.3179,0.2956,0.3481,0.3692
124,Canada,16.2478,16.008,16.4745,16.6496,15.6673,15.6914,15.8164,16.1886,17.1754,16.9635,17.4284,16.9757,16.5964,17.5011,17.2914,17.4415,16.8638,17.0057,16.3519,15.2615,14.6733
132,Cape Verde,0.2528,0.2587,0.2824,0.2748,0.2856,0.2886,0.3439,0.3463,0.3656,0.4007,0.4277,0.4696,0.5434,0.55,0.5656,0.6196,0.644,0.6459,0.632,0.6346,0.7177
136,Cayman Islands,9.7128,10.0501,10.8673,11.1059,11.6741,11.1918,11.409,11.5099,11.5791,11.0229,11.3198,10.7056,10.3952,10.0387,9.9258,9.8148,9.6254,11.1926,11.4115,10.5267,10.4926
140,Central African Republic,0.0675,0.0682,0.07,0.0708,0.0724,0.0706,0.069,0.0706,0.07,0.0727,0.0724,0.0653,0.0642,0.0604,0.0539,0.053,0.0555,0.0565,0.0555,0.0544,0.06
148,Chad,0.0245,0.0113,0.0138,0.015,0.0152,0.0147,0.0147,0.0153,0.0148,0.0152,0.0214,0.0202,0.0191,0.0416,0.0399,0.0409,0.0404,0.0445,0.0479,0.0406,0.0418
152,Chile,2.589,2.3964,2.4356,2.5468,2.7435,2.9465,3.3162,3.7851,3.8376,3.9972,3.8064,3.3809,3.5074,3.451,3.7222,3.7867,3.91,4.2778,4.2406,3.9672,4.2222
156,China,2.1488,2.2265,2.294,2.4217,2.5453,2.735,2.8244,2.8029,2.6616,2.6345,2.6831,2.7291,2.8728,3.4987,4.0661,4.428,4.8795,5.1395,5.2967,5.7623,6.1781
344,"China, Hong Kong Special Administrative Region",4.774,4.9328,5.6522,5.8807,5.1967,5.1464,4.6847,4.8103,5.9771,6.3882,5.9654,5.5605,5.4049,5.8729,5.6428,5.954,5.6425,5.8147,5.569,5.2942,5.145
446,"China, Macao Special Administrative Region",2.8745,2.9581,2.8712,3.0842,3.2737,3.1198,3.4955,3.6492,3.7515,3.6131,3.7859,3.8318,3.3929,3.3431,3.6735,3.816,3.3086,2.7763,2.2991,2.4511,1.8946
170,Colombia,1.7268,1.6875,1.7987,1.8216,1.8876,1.6354,1.6309,1.7183,1.7164,1.4452,1.4567,1.3921,1.355,1.376,1.2993,1.416,1.4404,1.4303,1.4762,1.5519,1.6347
174,Comoros,0.1758,0.1717,0.1676,0.1636,0.1596,0.1638,0.1302,0.1269,0.1368,0.1478,0.1493,0.1524,0.1551,0.1625,0.1646,0.1711,0.1832,0.1783,0.1793,0.1746,0.1892
178,Congo,0.4973,0.5155,0.6242,0.5965,0.8082,0.5731,0.6107,0.8105,0.2613,0.2687,0.3345,0.2683,0.2153,0.3224,0.3427,0.4121,0.3687,0.3852,0.3842,0.4782,0.5016
184,Cook Islands,1.249,1.2408,1.2284,1.2151,1.2053,1.2017,1.2057,1.2158,1.2277,1.6285,1.6265,1.8326,1.5837,1.7654,2.8834,3.1955,3.3572,3.3231,3.4967,3.4729,3.4503
188,Costa Rica,0.9628,1.0602,1.1759,1.1966,1.5568,1.4027,1.3351,1.367,1.4214,1.4415,1.397,1.4392,1.5493,1.5926,1.6364,1.6448,1.6972,1.9254,1.9122,1.703,1.6678
384,Cote d'Ivoire,0.4632,0.4354,0.3455,0.4264,0.3684,0.4859,0.5553,0.5276,0.4353,0.3858,0.4095,0.4574,0.4241,0.3128,0.4322,0.4342,0.3818,0.3691,0.3619,0.3026,0.2941
191,Croatia, , ,3.6557,3.549,3.6225,3.7723,3.9766,4.1718,4.4554,4.5134,4.36,4.6222,4.8986,5.2825,5.1797,5.2017,5.2269,5.5104,5.2884,4.8868,4.7428
192,Cuba,3.1541,2.7814,2.9214,2.7197,2.9683,2.3538,2.4623,2.2385,2.2159,2.2837,2.3449,2.2848,2.3347,2.2739,2.2256,2.3108,2.4329,2.3726,2.702,2.6549,3.4077
196,Cyprus,6.0692,6.0535,6.5904,6.6996,6.7319,6.4903,6.6016,6.6079,7.0392,6.9973,7.2618,7.1203,7.1662,7.7625,7.2199,7.2664,7.4303,7.7101,7.9434,7.4656,6.9841
203,Czech Republic,21.1359,19.4836,13.4806,12.7724,12.1912,12.1182,12.3988,12.5499,11.9514,10.9628,12.1693,12.1661,11.7727,11.9987,12.0283,11.813,11.9667,12.018,11.2759,10.3567,10.6502
180,Democratic Republic of the Congo,0.1118,0.0992,0.0918,0.083,0.0581,0.0673,0.0717,0.0631,0.0535,0.0464,0.0332,0.0307,0.0294,0.0314,0.0347,0.0388,0.0409,0.0428,0.0451,0.0424,0.0461
208,Denmark,9.6765,11.8744,10.5024,11.0102,11.7136,10.5364,13.0541,10.8108,10.5796,9.5726,8.851,9.1551,9.1734,10.351,9.3693,8.6907,10.1063,9.1885,8.5424,8.055,8.3427
262,Djibouti,0.7114,0.6877,0.6965,0.7108,0.6996,0.6847,0.6766,0.6609,0.5966,0.624,0.5506,0.5136,0.5227,0.522,0.577,0.5851,0.5925,0.5813,0.6124,0.61,0.6065
212,Dominica,0.8319,0.8328,0.8314,0.871,0.9811,1.135,1.0255,1.1433,1.0935,1.1571,1.4784,1.6415,1.4863,1.6474,1.5922,1.654,1.6012,2.1919,1.878,1.8845,2.0072
214,Dominican Republic,1.3303,1.381,1.497,1.5647,1.6305,2.0344,2.1785,2.2269,2.2443,2.231,2.3414,2.3189,2.4264,2.4332,2.0576,2.1212,2.2018,2.2482,2.1748,2.0744,2.1117
218,Ecuador,1.6407,1.5712,2.0795,2.2083,1.2206,2.0038,2.0624,1.5522,1.8587,1.751,1.6964,1.868,1.9338,2.0421,2.1696,2.2276,2.1766,2.2209,2.1107,2.1367,2.2562
818,Egypt,1.336,1.3583,1.3773,1.5521,1.3978,1.5423,1.6164,1.6854,1.8718,1.8868,2.0891,1.8211,1.8125,2.0695,2.0717,2.2534,2.3636,2.5004,2.5126,2.4822,2.5243
222,El Salvador,0.4909,0.5969,0.6236,0.6968,0.7822,0.9209,0.8452,0.9866,0.9888,0.9641,0.9668,0.997,1.0086,1.0906,1.0559,1.0667,1.127,1.1307,1.0679,1.0512,1.009
226,Equatorial Guinea,0.3236,0.5226,0.5402,0.249,0.0864,0.2983,0.2558,0.6201,0.3463,0.9385,0.8744,5.7614,8.9822,10.521,8.8472,7.7533,7.5938,7.4479,6.7988,6.783,6.6805
232,Eritrea, , , , ,0.0574,0.0925,0.1066,0.1583,0.1721,0.1751,0.166,0.1655,0.1522,0.1751,0.1783,0.1707,0.1208,0.1207,0.0837,0.1006,0.0976
233,Estonia, , ,15.0649,11.8555,12.053,11.1993,12.6405,12.5051,11.8734,11.0786,11.075,11.4439,11.0095,12.6128,12.768,12.4679,12.0458,14.0333,13.0329,10.9904,13.6742
231,Ethiopia,0.0624,0.0597,0.0574,0.0566,0.0539,0.0377,0.0634,0.0707,0.0809,0.0795,0.0889,0.064,0.0649,0.0699,0.0723,0.068,0.0713,0.0761,0.0802,0.082,0.0783
234,Faeroe Islands,13.0998,12.6396,14.2454,15.7498,14.152,16.6042,14.695,14.4242,14.8789,14.7992,15.5434,17.0844,16.2534,16.3675,16.6128,15.873,15.802,15.9351,14.7952,13.7172,14.5972
238,Falkland Islands (Malvinas),18.565,17.9437,17.2575,16.5252,15.8255,16.4002,17.316,18.1681,13.5185,13.1299,12.8428,15.0582,14.9558,16.2712,17.2706,17.2414,19.8854,19.8053,19.7127,19.6274,19.5559
242,Fiji,1.123,0.918,0.9699,1.0106,1.0683,1.1203,1.1405,0.9292,0.8792,0.9951,1.0656,1.3685,1.0241,1.0546,1.3832,1.6583,1.6424,1.4403,1.2778,0.9938,1.5001
246,Finland,10.3771,10.7297,9.5055,9.9909,11.3045,10.3424,11.9572,11.6733,11.0636,10.7367,10.0787,10.8818,11.7519,13.2208,12.8378,10.42,12.5708,12.0939,10.6451,9.9537,11.5283
250,France,7.0365,7.5087,6.9425,6.7774,6.411,6.7991,7.0297,6.5125,6.9935,6.32,6.1909,6.4964,6.3713,6.4401,6.4377,6.4278,6.2332,6.0877,5.9996,5.7158,5.7539
254,French Guiana,6.955,6.8864,6.9617,6.712,6.6491,6.5435,6.3158,6.0606,5.4821,4.2255,3.467,3.671,3.1267,3.9146,3.5765,3.2674,2.7632,3.1628,3.151,3.1049,3.0283
258,French Polynesia,3.2296,3.1986,3.1698,2.9688,2.5475,2.6506,2.6298,2.6617,2.592,2.4964,2.6553,3.0524,3.0082,3.2171,3.1317,3.339,3.2969,3.2256,3.2849,3.2613,3.2648
266,Gabon,5.214,1.5402,2.1497,3.2065,3.1751,3.5482,3.1613,3.0877,1.3855,1.1907,0.8516,1.4107,1.3777,1.0133,1.3146,1.5225,1.415,1.6381,1.0798,0.0548,1.7098
270,Gambia,0.1977,0.1978,0.1915,0.1963,0.1909,0.1918,0.1865,0.1813,0.1918,0.2039,0.212,0.2111,0.2289,0.2222,0.2212,0.2148,0.2178,0.2488,0.2512,0.2593,0.2737
268,Georgia, , ,2.8684,1.8942,1.1796,0.4543,0.8146,0.901,1.02,0.9042,0.9558,0.8046,0.7324,0.8256,0.9565,1.132,1.3843,1.4017,1.4197,1.3851,1.434
276,Germany, ,11.6755,11.1104,10.845,10.621,10.547,10.8225,10.4739,10.3869,9.9884,10.0788,10.362,10.054,10.1038,10.0079,9.7734,9.8001,9.5013,9.4981,8.8859,9.0566
288,Ghana,0.2657,0.2658,0.2616,0.2896,0.3063,0.3193,0.3303,0.3582,0.3503,0.3499,0.3281,0.3525,0.3697,0.3702,0.348,0.3214,0.419,0.4217,0.3666,0.3125,0.3689
300,Greece,7.1575,6.5985,7.2942,7.2291,7.4109,7.42,7.4754,7.8127,8.0674,7.921,8.3387,8.5028,8.4591,8.6165,8.7151,8.8236,8.6713,8.7285,8.662,8.3787,7.634
304,Greenland,10.0266,9.8734,8.684,9.0145,9.0956,9.0979,9.289,9.4005,9.5226,9.6926,9.4669,9.5576,9.5199,9.3589,10.2207,10.6487,10.9462,10.7474,11.1311,9.7201,11.0653
308,Grenada,1.1435,1.183,1.246,1.2728,1.4802,1.5774,1.5987,1.7419,1.7388,1.9141,1.8814,1.907,2.0107,2.1136,2.0009,2.1025,2.2419,2.3025,2.5067,2.4304,2.4883
312,Guadeloupe,3.3483,3.4788,3.6137,3.6499,3.7301,3.7509,3.73,3.7351,3.6474,3.756,4.8594,4.8547,4.6597,4.6617,4.1454,3.8491,3.8054,3.8518,3.8177,3.7943,3.7728
320,Guatemala,0.57,0.5534,0.644,0.5916,0.6987,0.7154,0.6492,0.7249,0.8163,0.8136,0.8824,0.9231,0.9403,0.868,0.9368,0.9792,0.961,0.9459,0.8357,0.844,0.7727
324,Guinea,0.1834,0.1765,0.1661,0.1607,0.1694,0.1652,0.163,0.1604,0.1532,0.1546,0.1534,0.1532,0.1539,0.1535,0.151,0.1306,0.1283,0.1291,0.127,0.1258,0.1238
624,Guinea-Bissau,0.2488,0.2477,0.2456,0.2581,0.2529,0.2506,0.2491,0.2255,0.1441,0.1594,0.1185,0.1186,0.1194,0.1476,0.1507,0.1557,0.1548,0.1622,0.1561,0.1583,0.1571
328,Guyana,1.5726,1.5509,1.4538,1.4567,1.8374,2.0344,2.0974,2.1953,2.2643,2.3008,2.1962,2.1691,2.1409,2.1136,2.1889,1.9216,1.7252,2.0878,2.073,2.065,2.2545
332,Haiti,0.1395,0.1371,0.1225,0.0877,0.039,0.1196,0.1361,0.1738,0.1477,0.1567,0.1582,0.1785,0.2044,0.1911,0.2158,0.2221,0.2228,0.2488,0.2494,0.2294,0.2121
340,Honduras,0.5303,0.5369,0.5957,0.5372,0.6133,0.696,0.6939,0.7125,0.7798,0.7785,0.8091,0.9001,0.9403,1.0242,1.0925,1.0981,0.9986,1.2263,1.1875,1.0558,1.0668
348,Hungary,6.0672,6.1226,5.6705,5.8094,5.6151,5.8132,6.0789,6.0057,5.9208,5.8962,5.6058,5.5988,5.5215,5.8288,5.6726,5.7418,5.6869,5.5622,5.4538,4.8665,5.0666
352,Iceland,7.8142,6.8659,7.0417,7.5881,7.5875,7.2791,8.1853,7.7153,7.6231,7.4281,7.6953,7.3981,7.5702,7.4795,7.6211,7.4273,7.5645,7.5559,6.824,6.5094,6.1286
356,India,0.7903,0.8273,0.8611,0.8773,0.9139,0.9539,1.02,1.0434,1.0525,1.1043,1.126,1.1236,1.1268,1.1592,1.2008,1.2378,1.3002,1.3726,1.521,1.6413,1.6404
360,Indonesia,0.8113,0.9588,1.0633,1.1296,1.1268,1.1281,1.2523,1.3589,1.0114,1.149,1.2344,1.364,1.4005,1.428,1.5032,1.5046,1.5011,1.6155,1.7552,1.9085,1.8093
364,Iran,3.8479,4.0669,4.0141,4.1037,4.5202,4.5773,4.5502,4.3576,4.8981,5.954,5.7039,6.0143,5.9836,6.1541,6.4953,6.7305,7.2241,7.5563,7.8929,7.8959,7.7272
368,Iraq,3.025,2.6535,3.3485,3.5144,3.8222,3.8398,3.3138,3.1498,3.2286,3.1233,3.0366,3.476,3.4582,3.516,4.2859,4.1949,3.5373,2.1696,3.167,3.4712,3.6205
372,Ireland,8.8944,8.8429,8.8254,8.7626,9.1168,9.1042,9.7882,9.9492,10.3103,10.7128,10.8695,11.4209,11.119,10.8059,10.7586,10.4701,10.2824,10.3893,9.8834,9.207,8.9487
376,Israel,7.4523,7.392,8.632,9.0547,9.1243,10.1715,9.9148,11.2599,10.8895,10.5486,10.4225,10.7235,10.117,10.252,9.7664,9.1217,9.7669,9.5986,10.0021,9.2314,9.5244
380,Italy,7.3471,7.454,7.3914,7.2346,7.1513,7.5535,7.5913,7.6758,7.8328,7.7391,7.9219,7.8733,7.872,8.0939,8.1143,8.0684,7.944,7.7767,7.4666,6.6656,6.7102
388,Jamaica,3.368,3.4338,3.3762,3.4804,3.5387,3.9419,4.1044,4.2374,3.8401,3.8206,3.9971,4.0805,3.9227,4.0517,4.0208,3.9696,4.4579,4.9759,4.3918,3.1464,2.6114
392,Japan,8.9556,8.969,9.1216,8.9651,9.4605,9.5106,9.6592,9.606,9.2484,9.5437,9.7008,9.5499,9.653,9.8065,9.9736,9.7963,9.7363,9.8892,9.5375,8.6972,9.252
400,Jordan,3.0458,2.7222,3.2228,3.0107,3.2335,3.0938,3.1458,3.13,3.1061,3.0662,3.2127,3.2592,3.3785,3.4276,3.6928,3.9362,3.773,3.8007,3.5499,3.5273,3.3652
398,Kazakhstan, , ,15.9034,13.5699,12.3751,10.4692,8.9541,8.3683,8.1927,7.7238,8.5426,9.9283,10.1966,10.2825,11.4364,11.6629,12.5737,14.2357,14.7194,13.5147,15.52
404,Kenya,0.2483,0.1997,0.2213,0.2456,0.2461,0.2754,0.3309,0.2855,0.338,0.3339,0.3333,0.2921,0.242,0.1998,0.2197,0.2404,0.262,0.2623,0.2663,0.313,0.3067
296,Kiribati,0.3063,0.3007,0.2962,0.2924,0.2888,0.2848,0.4718,0.3638,0.407,0.3514,0.3928,0.3039,0.459,0.4506,0.4867,0.674,0.7484,0.5366,0.5698,0.4081,0.6228
408,North Korea,12.1547,12.2712,12.277,12.3972,12.0925,11.9126,11.6468,10.5342,2.8862,3.1322,3.3502,3.4429,3.2715,3.3186,3.3683,3.4959,3.5405,2.931,3.2363,3.0813,2.9419
410,South Korea,5.7455,6.0288,6.5009,7.3076,7.7546,8.3912,8.9816,9.5076,8.0189,8.74,9.7322,9.7422,10.0307,9.9993,10.2983,9.8401,9.9604,10.4388,10.6434,10.62,11.7793
414,Kuwait,23.1419,5.0177,10.9585,18.527,23.0553,33.6763,30.8049,32.7142,29.339,29.0876,28.4323,27.4295,25.4868,28.9907,29.0178,31.6018,31.3718,30.7359,31.3768,30.9373,34.2365
417,Kyrgyzstan, , ,2.4265,1.8431,1.332,0.9662,1.1997,1.1567,1.2071,0.9312,0.9141,0.758,0.9691,1.0638,1.1356,1.0378,1.0121,1.1424,1.0914,1.2294,1.1996
418,Lao People's Democratic Republic,0.0561,0.0587,0.0629,0.0612,0.0643,0.0788,0.1031,0.1272,0.1404,0.1833,0.1828,0.1668,0.2141,0.2023,0.2511,0.2492,0.2705,0.2812,0.2893,0.2963,0.3022
428,Latvia, , ,5.182,4.7093,4.4747,3.8686,3.8552,3.4293,3.3354,2.8421,2.6168,2.8953,2.8302,3.0366,3.0752,3.1125,3.3069,3.4746,3.3423,3.0176,3.3818
422,Lebanon,3.0858,3.1387,3.6275,3.587,3.787,3.9327,3.899,4.3496,4.4397,4.4989,4.1028,4.262,4.146,4.63,4.2108,4.0087,3.5385,3.6209,3.9972,4.9838,4.8261
426,Lesotho, , , , , , , , , , , , , , , , , ,0.0033,0.0085,0.0121,0.0083
430,Liberia,0.2275,0.1368,0.1412,0.1591,0.1564,0.1595,0.1565,0.1508,0.1531,0.1501,0.1531,0.1708,0.1676,0.1751,0.2027,0.2328,0.229,0.195,0.1574,0.1376,0.2
434,Libyan Arab Jamahiriya,8.4855,9.6936,8.2617,8.4693,9.4156,9.6379,9.081,9.0841,9.0204,8.6905,9.0064,9.0222,8.8019,8.8732,8.9087,9.0313,9.1263,9.0003,9.8204,10.8059,9.2894
440,Lithuania, , ,6.0025,4.7624,4.753,4.465,4.3648,4.2881,4.5628,3.8859,3.4857,3.7128,3.8158,3.7466,3.884,4.0966,4.2067,4.4797,4.4988,3.7646,4.0802
442,Luxembourg,26.2417,27.5097,27.0358,27.2301,25.3631,20.4087,20.4124,18.9315,17.2994,17.8474,18.9212,20.0246,21.263,22.1916,24.9929,25.2495,24.3929,22.8478,22.1701,20.5953,21.3401
450,Madagascar,0.0874,0.0924,0.0873,0.0868,0.1034,0.1,0.1042,0.1217,0.1204,0.1293,0.122,0.1099,0.0756,0.101,0.1042,0.0974,0.0913,0.0956,0.0995,0.0905,0.0972
454,Malawi,0.0652,0.0689,0.0678,0.0713,0.0736,0.0739,0.0706,0.0736,0.0781,0.0913,0.0807,0.0786,0.0747,0.0788,0.0782,0.0715,0.0722,0.0701,0.0825,0.0734,0.0831
458,Malaysia,3.108,3.6664,3.9209,4.6557,4.6528,5.8459,5.9008,5.7306,5.1153,4.7199,5.4069,5.705,5.512,6.3952,6.5389,6.7958,6.4186,7.5896,7.7529,7.2947,7.6337
462,Maldives,0.7017,0.762,1.0917,0.9091,0.9044,1.1057,1.2561,1.417,1.2658,1.7349,1.8263,2.0735,2.441,2.0861,2.6702,2.371,2.9624,3.021,3.2766,3.4227,3.4
466,Mali,0.0487,0.0492,0.0489,0.0489,0.0483,0.0477,0.0484,0.0505,0.0485,0.0491,0.0481,0.0469,0.0462,0.0435,0.0442,0.0431,0.0418,0.0413,0.0411,0.041,0.0405
470,Malta,5.9261,5.5888,5.4403,7.0342,6.3629,5.5022,5.7748,6.4445,5.4521,5.9367,5.196,6.2189,5.7154,6.3787,6.3215,6.5943,6.2615,6.6043,6.1844,6.0137,6.2159
584,Marshall Islands,1.0151,1.0522,1.1141,1.239,1.3053,1.2939,1.2843,1.2767,1.348,1.2673,1.4767,1.5538,1.6133,1.6156,1.6933,1.6142,1.7621,1.8862,1.8722,1.929,1.9061
474,Martinique,5.7544,5.1062,5.6443,5.5358,5.568,5.5449,5.4637,5.4392,5.4966,5.4777,5.5301,5.4698,5.3317,5.8037,6.0879,6.2775,5.961,5.3951,5.3177,5.6507,5.6208
478,Mauritania,1.336,1.3412,1.3973,1.3674,1.4019,1.3023,1.2724,1.2369,0.4452,0.4669,0.4677,0.4959,0.5121,0.5114,0.5505,0.55,0.5355,0.5958,0.6133,0.6546,0.6402
480,Mauritius,1.3808,1.4181,1.5694,1.6054,1.4474,1.6094,1.6959,1.7197,1.8723,2.0836,2.3152,2.4556,2.4416,2.5503,2.5641,2.7134,2.9818,3.0471,3.079,2.9924,3.1697
484,Mexico,3.7294,3.7981,3.753,3.707,3.837,3.5551,3.6312,3.755,3.8495,3.8761,3.8167,3.8962,3.8121,3.904,3.9053,4.0856,4.097,4.1736,4.2616,3.9831,3.9117
583,Micronesia, , , , , , , ,0.7133,0.7528,1.091,1.2698,1.6404,1.3645,1.357,1.3495,1.0693,0.9382,0.8992,0.897,0.8945,0.9274
496,Mongolia,4.581,5.4827,4.9195,4.1009,3.4789,3.4361,3.4584,3.2878,3.2566,3.1622,3.1128,3.2384,3.3703,3.2328,3.4007,3.3945,3.6755,3.8453,3.7597,4.0757,4.1767
499,Montenegro, , , , , , , , , , , , , , , , ,3.8018,3.5862,4.3707,2.8901,4.0887
500,Montserrat,3.0801,3.0709,3.4127,3.3998,3.4557,4.3095,4.2877,5.899,7.4649,8.4255,11.1539,12.8038,14.1631,14.1072,13.153,12.5022,13.3681,13.1737,13.1042,13.0619,12.9761
504,Morocco,0.95,0.9896,1.014,1.0808,1.1175,1.1279,1.1417,1.1499,1.1409,1.1655,1.1775,1.2947,1.2988,1.2617,1.4398,1.506,1.5447,1.6209,1.5942,1.566,1.5839
508,Mozambique,0.0739,0.0741,0.0699,0.0726,0.0695,0.0697,0.0634,0.0668,0.0655,0.067,0.0741,0.0845,0.0827,0.0973,0.0949,0.0877,0.093,0.1096,0.1048,0.1126,0.1232
104,Myanmar,0.1089,0.1049,0.1209,0.1304,0.1503,0.1652,0.1698,0.173,0.1838,0.2016,0.2244,0.1925,0.2019,0.2148,0.2699,0.2507,0.2706,0.2693,0.1911,0.2183,0.1875
516,Namibia,0.0184,0.6934,0.7418,0.7387,0.823,0.9883,1.0282,1.0258,1.0579,0.8995,0.8666,1.0416,0.8919,0.9331,0.9602,1.1106,1.0993,1.1158,1.6265,1.4197,1.391
520,Nauru,17.2546,16.4635,14.9832,14.3019,13.3834,12.8385,12.0602,12.0302,11.6348,10.9496,10.2579,10.2528,9.8439,9.1315,8.7181,8.7008,7.5989,8.6665,8.6444,8.2256,8.1911
524,Nepal,0.0332,0.0491,0.0664,0.0714,0.0806,0.0942,0.1123,0.1226,0.0968,0.1352,0.1325,0.1383,0.106,0.1129,0.1036,0.1188,0.0956,0.0951,0.1054,0.1191,0.1253
528,Netherlands,10.978,10.9428,10.6166,10.8895,10.8228,10.7666,11.5411,10.9828,10.7329,10.3342,10.4246,10.4851,10.7419,10.8467,10.9031,10.5626,10.2089,10.4458,10.534,10.245,10.96
530,Netherlands Antilles,32.6232,26.8806,22.6069,35.0288,34.329,34.1777,32.6152,34.3504,1.5395,11.6885,31.229,31.8467,30.5933,30.3678,31.5191,30.8388,29.3429,32.6767,30.7848,31.1659,23.5539
540,New Caledonia,9.5704,10.3111,9.9708,9.7337,9.2456,9.0744,9.0408,9.1555,8.8558,9.7889,10.8461,8.8322,11.0494,12.3045,11.2295,12.2815,11.831,12.326,13.5111,11.5391,15.6256
554,New Zealand,6.9638,7.016,7.1736,7.548,7.2826,7.3868,7.7389,8.2542,7.9165,8.5706,8.5269,8.8332,8.3799,8.4407,8.5212,8.2049,8.0176,7.95,8.0097,7.4781,7.223
558,Nicaragua,0.6186,0.4754,0.554,0.5198,0.5602,0.5995,0.6074,0.6514,0.6965,0.7262,0.7415,0.7699,0.7734,0.8341,0.8264,0.7964,0.813,0.8259,0.7783,0.7874,0.7856
562,Niger,0.1068,0.1022,0.0946,0.1026,0.0984,0.1002,0.1069,0.1029,0.1054,0.1005,0.0729,0.0671,0.0695,0.0726,0.0768,0.0638,0.06,0.0589,0.0635,0.0725,0.091
566,Nigeria,0.4651,0.4525,0.6334,0.5724,0.4342,0.3174,0.3589,0.3487,0.3406,0.3708,0.6402,0.6578,0.7558,0.6999,0.7115,0.7488,0.6873,0.6479,0.6147,0.4642,0.4981
570,Niue,1.7145,1.7452,1.7699,1.7913,1.8149,1.845,1.8841,1.9333,1.9891,2.0481,2.1053,3.7797,3.8695,3.9593,4.0509,4.1518,4.2605,4.3805,4.5016,4.6327,4.7684
578,Norway,7.3946,7.5122,6.9068,7.4712,6.7486,8.0076,7.5662,7.736,8.2158,9.1863,8.6416,9.1033,8.2523,9.3503,9.3014,9.1792,9.4793,9.5487,10.5307,9.7387,11.7112
512,Oman,6.0951,6.0456,5.9462,6.3679,7.0127,7.1218,6.6869,6.8327,7.3178,9.1653,9.6707,8.9006,11.0605,13.8662,11.7675,12.3041,15.9013,17.4087,15.5736,14.8458,20.5583
586,Pakistan,0.613,0.5936,0.6168,0.6445,0.6835,0.6634,0.7224,0.7055,0.7087,0.7106,0.7366,0.7338,0.7585,0.7764,0.8444,0.8613,0.9044,0.9662,0.9357,0.9261,0.9297
585,Palau,15.5743,15.1897,7.1725,6.7299,6.5461,6.6072,6.6124,6.4562,6.3168,6.1983,6.1026,9.432,9.3496,9.6964,9.443,9.5951,10.0944,10.3887,10.3322,10.2723,10.551
591,Panama,1.1461,1.3159,1.6867,1.534,1.6539,1.1151,1.6927,2.026,2.092,1.9551,1.9586,2.3262,1.9129,1.9686,1.8243,2.1119,2.2373,2.1264,2.224,2.4946,2.7391
598,Papua New Guinea,0.5152,0.4846,0.4702,0.4453,0.4748,0.4324,0.447,0.5142,0.556,0.4702,0.4997,0.5855,0.6207,0.6838,0.7533,0.7568,0.7358,0.7665,0.5307,0.4972,0.4571
600,Paraguay,0.5332,0.5128,0.5873,0.6452,0.7466,0.8266,0.7647,0.8365,0.8788,0.8604,0.6904,0.7006,0.7005,0.7171,0.7066,0.6497,0.6634,0.6759,0.6987,0.7124,0.7863
604,Peru,0.9762,0.923,0.904,1.0251,0.9925,1.0023,1.0048,1.1111,1.1088,1.1523,1.1715,1.0357,1.0229,0.9801,1.1708,1.3475,1.2583,1.534,1.4503,1.6463,1.9803
608,Philippines,0.6777,0.6957,0.754,0.7478,0.8094,0.8766,0.8776,0.9825,0.9352,0.914,0.9482,0.8998,0.8848,0.8692,0.8824,0.8748,0.777,0.7859,0.8422,0.8155,0.8749
616,Poland,9.6377,9.4755,9.3413,9.2003,8.7623,9.0335,9.3446,9.1445,8.5214,8.2724,7.8765,7.913,7.7669,7.9809,7.9892,7.9549,8.3836,8.265,8.2715,7.8116,8.2884
620,Portugal,4.2513,4.4171,4.8282,4.6681,4.7202,5.1284,4.989,5.2133,5.6627,6.2844,6.0918,6.0563,6.4107,5.8549,6.0131,6.1941,5.588,5.7376,5.4875,5.3871,4.9047
634,Qatar,24.8564,36.5998,54.8992,62.5168,61.041,61.4814,62.109,68.6269,59.0385,55.1143,58.7691,49.9345,45.6316,55.3282,62.0754,63.1935,57.9923,57.0722,48.7064,41.3828,40.1019
498,Republic of Moldova, , ,4.7893,3.5729,2.7723,2.5795,2.6748,1.6632,1.4856,1.0806,0.8554,0.9195,1.0043,1.101,1.1897,1.2995,1.3443,1.2763,1.3133,1.2621,1.3588
638,Reunion,2.3724,2.7564,2.7131,2.7037,2.9445,3.1747,3.2483,3.3453,3.5166,3.2594,4.0935,4.249,4.1526,4.0361,4.0364,4.5167,4.6623,4.8995,4.9404,5.0829,5.1615
642,Romania,6.8455,5.9359,5.3412,5.2594,5.0598,5.6039,5.6139,5.0944,4.5695,4.0229,4.0549,4.329,4.1877,4.3758,4.3671,4.3945,4.7268,4.6644,4.3838,3.7288,3.6649
643,Russian Federation, , ,14.3704,13.1856,11.5712,11.1805,10.9925,10.5255,10.3333,10.4479,10.6169,10.6595,10.7042,11.0779,11.108,11.2323,11.6342,11.6376,11.9838,11.0046,12.1768
646,Rwanda,0.0959,0.0918,0.0989,0.1073,0.1098,0.1099,0.1087,0.1037,0.0925,0.0885,0.0847,0.0815,0.0792,0.077,0.0765,0.0574,0.0559,0.0574,0.0543,0.0559,0.0559
659,Saint Kitts and Nevis,1.6204,1.7831,1.7655,2.0048,2.0701,2.2031,2.3562,2.325,2.2946,2.2648,2.2351,3.919,4.1854,4.5907,4.6763,4.779,4.7178,4.9351,4.8726,5.024,4.7517
662,Saint Lucia,1.1953,1.2281,1.4451,1.5813,1.8175,2.1215,2.2144,2.0651,2.0108,2.0554,2.1005,2.285,2.0313,2.2153,2.1756,2.2205,2.1976,2.2809,2.3209,2.2324,2.3125
670,Saint Vincent and the Grenadines,0.7538,0.7146,0.7781,0.9533,1.1194,1.2212,1.2587,1.2595,1.5291,1.5667,1.4644,1.6669,1.7291,1.7904,1.7869,1.8206,1.8546,1.8522,1.8502,1.8486,1.9116
882,Samoa,0.7749,0.7692,0.7815,0.7749,0.726,0.7845,0.7766,0.7685,0.7606,0.7935,0.7873,0.805,0.8012,0.8373,0.857,0.8766,0.8741,0.8881,0.8855,0.8827,0.8794
678,Sao Tome and Principe,0.4134,0.405,0.3972,0.3898,0.3825,0.3752,0.3678,0.3605,0.3534,0.3466,0.3404,0.3556,0.4048,0.4458,0.4857,0.5045,0.542,0.5338,0.5255,0.5661,0.5986
682,Saudi Arabia,13.5044,16.0631,16.6114,17.7502,17.0559,12.7761,13.7733,11.3687,10.7849,11.5665,14.8132,14.371,15.2078,14.6533,17.0517,16.5401,17.4496,15.4302,15.9837,16.0776,16.9222
686,Senegal,0.4395,0.459,0.4527,0.4541,0.4792,0.4176,0.4353,0.3704,0.3795,0.3993,0.4143,0.4438,0.4536,0.4868,0.499,0.539,0.4288,0.4649,0.4617,0.4831,0.5677
688,Serbia, , , , , , , , , , , , , , , , ,5.4663,5.3138,5.2717,4.6823,4.6632
690,Seychelles,1.6049,1.9916,2.2743,2.1969,2.5265,2.555,2.6227,5.4306,5.7144,6.593,7.1805,8.0619,6.7336,6.821,9.0039,8.346,8.8266,7.6846,8.2741,8.771,8.137
694,Sierra Leone,0.0977,0.1174,0.0543,0.0547,0.0731,0.0734,0.0818,0.0843,0.0769,0.0727,0.1026,0.132,0.1352,0.1381,0.1296,0.1059,0.1376,0.1157,0.1183,0.1138,0.1174
702,Singapore,15.5608,15.301,15.7543,16.617,19.3083,13.5308,15.4636,18.8629,15.2324,13.0229,12.5038,12.4445,11.7134,7.6193,6.8445,7.1165,6.984,3.8967,4.1149,5.0078,2.6581
703,Slovakia, , ,8.4636,2.4674,7.3974,7.8512,2.7791,2.9425,7.7008,2.8202,6.9034,2.8043,2.8512,2.8655,2.9098,7.2339,7.1797,2.9851,3.1573,6.2161,6.6081
90,Solomon Islands,0.5201,0.5057,0.4916,0.4689,0.4443,0.4517,0.4395,0.4276,0.4161,0.415,0.4037,0.4093,0.398,0.4051,0.3939,0.3831,0.3727,0.3988,0.3881,0.3778,0.3754
706,Somalia,0.0027,0.0006,0.0017,0.0017,0.0017,0.0017, , , , ,0.0699,0.0661,0.0734,0.0722,0.0705,0.0693,0.0674,0.0693,0.0683,0.0651,0.0653
710,South Africa,9.0644,9.1889,8.4067,8.6482,8.8533,8.5371,8.5035,8.661,8.5536,8.4064,8.2352,7.9918,7.5559,8.1664,9.0443,8.2882,8.7903,9.0832,9.4288,10.1292,9.1781
724,Spain,5.6279,5.7943,5.9882,5.5967,5.9402,6.1312,5.9065,6.3665,6.5828,7.0687,7.3081,7.3057,7.6036,7.6379,7.9432,8.1451,7.9522,8.0314,7.2938,6.3157,5.8527
144,Sri Lanka,0.2176,0.2316,0.285,0.2735,0.299,0.3181,0.3791,0.4073,0.4194,0.4587,0.5421,0.5415,0.5753,0.5503,0.6101,0.5868,0.5851,0.6145,0.5808,0.6208,0.6093
275,State of Palestine, , , , , , , ,0.139,0.2019,0.2097,0.2476,0.4107,0.3441,0.3743,0.536,0.7715,0.6229,0.6236,0.5368,0.5317,0.5855
736,Sudan (former),0.2098,0.1983,0.1707,0.1017,0.1513,0.1527,0.138,0.1708,0.1443,0.1526,0.1619,0.182,0.2267,0.2476,0.3035,0.2788,0.2922,0.3106,0.304,0.3309,0.3254
740,Suriname,4.4508,5.087,5.0426,5.0795,5.0314,5.0055,4.8224,4.7817,4.7652,4.6762,4.5561,4.7863,4.6904,4.6035,4.6469,4.7667,4.8365,4.787,4.7411,4.7474,4.5441
748,Swaziland,0.4925,0.3673,0.2907,0.1425,0.5125,0.4722,0.3463,1.1948,1.1801,1.1821,1.1167,1.0641,1.0399,0.9562,0.9402,0.9222,0.9091,0.9382,0.9502,0.8756,0.8625
752,Sweden,5.9738,6.1772,6.3638,5.9544,6.2047,5.7488,6.5217,5.8555,5.9843,5.7732,5.62,5.7597,6.4509,6.1308,6.0728,5.7105,5.4529,5.2459,5.3162,4.698,5.5988
756,Switzerland,6.4228,6.2311,6.3194,5.915,5.9357,5.5898,5.655,5.8481,5.8807,5.7029,5.4479,5.9605,5.6124,5.5022,5.4871,5.5799,5.6073,5.0546,5.3335,5.4582,5.0568
760,Syrian Arab Republic,3.0388,3.4037,3.4016,3.506,3.5145,3.1047,3.0478,2.7576,3.308,3.3635,3.1928,2.9648,2.3031,3.1038,2.8387,2.7393,2.8323,2.9723,3.4375,3.0973,3.0307
762,Tajikistan, , ,1.3082,0.9219,0.4136,0.4242,0.4824,0.3621,0.4143,0.4127,0.3624,0.3677,0.2992,0.3276,0.401,0.3779,0.4069,0.488,0.4533,0.4265,0.4158
764,Thailand,1.6792,1.8235,1.9783,2.2283,2.4603,2.8095,3.1028,3.169,2.7743,2.9293,2.9824,3.1633,3.341,3.552,3.8199,3.8407,3.8827,3.8675,3.8354,4.0257,4.2719
807,Macedonia, , ,5.5716,5.3185,5.3581,5.5208,5.9505,5.3626,6.3366,5.858,6.0047,5.9512,5.4073,5.5769,5.5051,5.5345,5.3541,5.5564,5.7724,5.5466,5.2767
626,Timor-Leste, , , , , , , , , , , , ,0.1813,0.1729,0.1807,0.1742,0.1733,0.1725,0.1769,0.1664,0.1628
768,Togo,0.2112,0.2249,0.2187,0.2219,0.2089,0.2333,0.2519,0.2267,0.2591,0.3303,0.2831,0.2359,0.2439,0.283,0.2642,0.2474,0.2208,0.2328,0.252,0.2547,0.2555
776,Tonga,0.8092,0.9653,0.9222,1.0781,1.1077,1.1469,1.1435,1.1807,1.1344,1.3138,1.2355,1.4521,1.4841,1.766,1.7151,1.5655,1.7326,1.5061,1.5645,1.6615,1.5184
780,Trinidad and Tobago,13.9532,17.1936,17.0099,13.5262,15.8444,16.6222,17.1667,15.0769,15.0757,17.7298,18.9728,19.2943,20.6596,21.2064,23.6476,21.7282,24.3499,35.0471,31.9607,36.0512,37.7811
788,Tunisia,1.615,1.8493,1.7616,1.9027,1.8096,1.7609,1.851,1.8493,1.9428,1.9579,2.1069,2.1807,2.1814,2.2008,2.2871,2.3003,2.3087,2.3562,2.4409,2.3933,2.4691
792,Turkey,2.6945,2.6987,2.7334,2.7938,2.7084,2.9215,3.146,3.2662,3.2491,3.1386,3.3971,3.014,3.1427,3.2938,3.3525,3.4834,3.7874,4.067,4.0223,3.8672,4.0961
795,Turkmenistan, , ,7.2301,6.93,8.1738,8.2665,7.3492,6.955,6.0269,7.812,7.8564,8.6275,8.7487,9.0826,9.227,9.557,9.633,11.0141,11.2014,9.7446,10.5224
796,Turks and Caicos Islands, , , , , ,0.7174,0.6936,0.6759,0.8948,0.8536,0.7948,0.7237,4.2961,4.0195,3.6536,3.9632,4.3878,4.5925,4.3938,4.3197,4.1977
800,Uganda,0.0454,0.0453,0.0444,0.0425,0.0378,0.0477,0.0519,0.0519,0.0592,0.06,0.0633,0.0649,0.0647,0.0641,0.0673,0.0804,0.0904,0.1031,0.1009,0.104,0.1132
804,Ukraine, , ,12.4266,10.5945,8.7005,8.7232,8.1211,6.7774,6.5912,6.7364,6.5609,6.6391,6.6348,7.3937,7.2579,7.1151,7.0072,7.0782,7.033,5.7271,6.7066
810,Union of Soviet Socialist Republics [former],13.1337, , , , , , , , , , , , , , , , , , , , 
784,United Arab Emirates,28.7558,29.8516,28.8651,31.0976,32.7504,30.0787,16.5963,15.9465,29.5754,27.0535,37.1064,32.201,26.0252,31.4153,30.9567,28.5424,26.5671,25.7893,25.6073,23.4337,22.3115
826,United Kingdom,9.9809,10.1857,10.0488,9.6838,9.5998,9.5809,9.8245,9.355,9.3231,9.128,9.2343,9.3161,8.9643,9.0705,9.0231,9.0027,8.9537,8.6854,8.5272,7.7062,7.9552
834,Tanzania,0.0931,0.0925,0.0867,0.0937,0.0842,0.1187,0.1125,0.0912,0.0789,0.0765,0.0779,0.0896,0.1002,0.1035,0.1152,0.1447,0.1493,0.1498,0.1547,0.1481,0.1527
840,United States,18.8212,18.8685,19.0579,19.2857,19.4389,19.3605,19.622,19.8774,19.7695,19.8056,20.2253,19.6166,19.5896,19.5051,19.6923,19.6294,19.1532,19.2822,18.5477,17.2638,17.5043
858,Uruguay,1.2843,1.4544,1.6393,1.4057,1.2708,1.4243,1.6763,1.6994,1.7287,2.0334,1.5986,1.5309,1.3893,1.3836,1.6894,1.7384,1.9979,1.7985,2.4899,2.3503,1.9725
860,Uzbekistan, , ,5.303,5.39,4.9398,4.4029,4.4197,4.2852,4.8729,4.7987,4.8415,4.8732,5.0214,4.8131,4.6408,4.3121,4.4454,4.4123,4.4771,4.2984,3.8056
548,Vanuatu,0.4774,0.4377,0.4251,0.4129,0.4018,0.3922,0.489,0.5031,0.4721,0.4635,0.4377,0.4643,0.4318,0.4051,0.2676,0.2605,0.2214,0.4272,0.4034,0.5004,0.4882
862,Venezuela,6.2058,5.7255,5.1307,5.8926,6.0245,6.0466,5.4559,5.8341,7.1431,7.2266,6.2598,6.9537,7.6469,7.4643,6.4224,6.8118,6.3337,6.3705,6.6582,6.4987,6.9616
704,Viet Nam,0.319,0.313,0.3069,0.3222,0.3605,0.3931,0.4615,0.5926,0.6169,0.6123,0.6811,0.7678,0.8796,0.9679,1.1007,1.1777,1.2186,1.337,1.4795,1.6117,1.7101
732,Western Sahara,0.8968,0.8679,0.8405,0.8307,0.805,0.8068,0.7971,0.798,0.7844,0.7873,0.7547,0.7067,0.6573,0.6112,0.5719,0.5403,0.5156,0.4957,0.4789,0.4636,0.4486
887,Yemen,-0.2511,0.8062,1.0904,0.6801,0.7824,0.7427,0.9507,0.9537,0.7298,0.8074,0.826,0.8897,0.8371,0.8911,0.9428,0.9707,0.9769,0.9893,0.9815,0.9884,0.9085
894,Zambia,0.3112,0.2996,0.297,0.295,0.2784,0.2434,0.2041,0.2539,0.239,0.1818,0.1783,0.1825,0.1841,0.1921,0.1904,0.1984,0.1894,0.1372,0.149,0.1694,0.1855
716,Zimbabwe,1.4809,1.4722,1.5357,1.4414,1.5385,1.2949,1.2609,1.1921,1.1625,1.2764,1.1101,0.999,0.9464,0.8425,0.788,0.8571,0.8256,0.8183,0.6544,0.7003,0.75

